chunk_id,doc_id,chunk_text,effective_date,exported_at
policy_refund_v4_1_0655e373028a71f6,policy_refund_v4,Yêu cầu hoàn tiền được chấp nhận trong vòng 7 ngày làm việc kể từ xác nhận đơn. [cleaned: stale_refund_window],2025-03-14,2026-04-06T00:00:00
it_helpdesk_faq_2_b49d2cb54042efb2,it_helpdesk_faq,Tài khoản bị khóa sau 5 lần đăng nhập sai liên tiếp.,2025-08-30,2026-04-07T00:00:00
hr_leave_policy_3_c6a7c5b4dd8d6d2c,hr_leave_policy,Nhân viên dưới 3 năm kinh nghiệm được 12 ngày phép năm theo chính sách 2026. [cleaned: stale_hr_annual_leave],2026-03-30,2026-04-10T00:00:00
sla_p1_2026_4_182f5a289bdf01da,sla_p1_2026,Ticket P1 có SLA phản hồi ban đầu 15 phút và resolution trong 4 giờ.,2025-07-15,2026-04-04T00:00:00
policy_refund_v4_5_c3ad0afe6debb019,policy_refund_v4,Yêu cầu được gửi trong vòng 7 ngày làm việc kể từ thời điểm xác nhận đơn hàng.,2026-03-30,2026-04-02T00:00:00
policy_refund_v4_6_658d0f6abb5d02ff,policy_refund_v4,Yêu cầu được gửi trong vòng 7 ngày làm việc làm việc làm việc kể từ thời điểm xác nhận đơn hàng.,2025-12-14,2026-04-03T00:00:00
policy_refund_v4_7_bfbac8878a249889,policy_refund_v4,Yêu cầu được gửi trong vòng 7 ngày làm việc kể từ thời điểm xác nhận đơn hàng. Yêu cầu được gửi trong vòng 7 ngày làm việc kể từ thời điểm xác nhận đơn hàng. Yêu cầu được gửi trong vòng 7 ngày làm việc kể từ thời điểm xác nhận đơn hàng. Yêu cầu được gửi trong vòng 7 ngày làm việc kể từ thời điểm xác nhận đơn hàng. Yêu cầu được gửi trong vòng 7 ngày làm việc kể từ thời điểm xác nhận đơn hàng.,2025-02-19,2026-04-07T00:00:00
hr_leave_policy_8_4fea3134544fdfac,hr_leave_policy,Nhân viên dưới 3 năm kinh nghiệm được 12 ngày phép năm theo chính sách 2026. Nhân viên dưới 3 năm kinh nghiệm được 12 ngày phép năm theo chính sách 2026. Nhân viên dưới 3 năm kinh nghiệm được 12 ngày phép năm theo chính sách 2026. Nhân viên dưới 3 năm kinh nghiệm được 12 ngày phép năm theo chính sách 2026. Nhân viên dưới 3 năm kinh nghiệm được 12 ngày phép năm theo chính sách 2026. [cleaned: stale_hr_annual_leave],2026-02-10,2026-04-07T00:00:00
it_helpdesk_faq_9_d33c2d6b6b831a64,it_helpdesk_faq,Tài khoản bị khóa sau 5 lần đăng nhập sai liên tiếp. Chú ý: effective_date không đồng nhất giữa các nguồn.,2025-02-24,2026-04-05T00:00:00
it_helpdesk_faq_10_9f2663ad4519fe9c,it_helpdesk_faq,FAQ bổ sung: đổi mật khẩu qua portal self-service có thể mất tối đa 24 giờ để đồng bộ toàn hệ thống.,2025-05-29,2026-04-08T00:00:00
policy_refund_v4_11_0c7e9bc4b01b92c2,policy_refund_v4,Yêu cầu hoàn tiền được chấp nhận trong vòng 7 ngày làm việc kể từ xác nhận đơn. [cleaned: stale_refund_window] [cleaned: removed_exclamation],2025-04-01,2026-04-07T00:00:00
policy_refund_v4_12_537294b6f9487b6b,policy_refund_v4,Yêu cầu được gửi trong vòng 7 ngày làm việc làm việc kể từ thời điểm xác nhận đơn hàng.,2025-11-24,2026-04-06T00:00:00
policy_refund_v4_13_9cb5e6d6bdb6eca7,policy_refund_v4,Yêu cầu được gửi trong vòng 7 ngày làm việc kể từ thời điểm xác nhận đơn hàng. Nội dung có thể bị trùng do sync lại dữ liệu.,2025-10-26,2026-04-02T00:00:00
access_control_sop_14_646706219078af3d,access_control_sop,Level 4 Admin Access yêu cầu phê duyệt bởi IT Manager và CISO. Thời gian xử lý: 5 ngày làm việc. Yêu cầu thêm: training bắt buộc về security policy.,2026-01-01,2026-04-08T00:00:00
access_control_sop_15_043550957071ad17,access_control_sop,Quyền Standard Access (Level 2) được xử lý trong 2 ngày làm việc sau khi Line Manager và IT Admin phê duyệt.,2026-01-01,2026-04-08T00:00:00
access_control_sop_16_82cdfb8c36013e53,access_control_sop,Level 1 Read Only: phê duyệt bởi Line Manager. Thời gian xử lý: 1 ngày làm việc. Áp dụng cho nhân viên mới 30 ngày đầu.,2026-01-01,2026-04-09T00:00:00
access_control_sop_17_1bb48199eb25dbf8,access_control_sop,Level 3 Elevated Access: phê duyệt bởi Line Manager + IT Admin + IT Security. Thời gian xử lý: 3 ngày làm việc.,2026-01-01,2026-04-09T00:00:00
access_control_sop_18_6cae84f88a04a4b6,access_control_sop,Escalation khẩn cấp: On-call IT Admin cấp quyền tạm thời max 24 giờ sau khi được Tech Lead phê duyệt.,2026-01-01,2026-04-10T00:00:00
access_control_sop_19_66c26c4b12c03dc4,access_control_sop,IT Security thực hiện access review mỗi 6 tháng. Bất thường báo cáo lên CISO trong 24 giờ.,2025-03-25,2026-04-07T00:00:00
policy_refund_v4_20_a0e2e933693aa3c3,policy_refund_v4,"Ngoại lệ không được hoàn tiền: sản phẩm thuộc danh mục hàng kỹ thuật số (license key, subscription). Đơn hàng đã áp dụng mã giảm giá Flash Sale cũng không được hoàn.",2026-02-01,2026-04-08T00:00:00
policy_refund_v4_21_136b738672189947,policy_refund_v4,Finance Team xử lý hoàn tiền trong 3-5 ngày làm việc và thông báo kết quả cho khách hàng.,2026-02-01,2026-04-09T00:00:00
policy_refund_v4_22_80d5c70ca8ec8e8d,policy_refund_v4,CS Agent xem xét yêu cầu hoàn tiền trong vòng 1 ngày làm việc và xác nhận đủ điều kiện.,2026-02-01,2026-04-08T00:00:00
policy_refund_v4_23_8bd750aa2c0021f7,policy_refund_v4,Email liên hệ nội bộ cho chính sách hoàn tiền: cs-refund@company.internal. Hotline nội bộ: ext. 1234.,2026-02-01,2026-04-09T00:00:00
policy_refund_v4_24_e75506595dbb15d5,policy_refund_v4,Hoàn tiền qua phương thức thanh toán gốc hoặc store credit với giá trị 110% so với số tiền hoàn.,2026-02-01,2026-04-10T00:00:00
sla_p1_2026_25_19c40dfbb0c19015,sla_p1_2026,Ticket P1 auto escalate: tự động escalate lên Senior Engineer nếu không có phản hồi trong 10 phút. [cleaned: rewrite_escalation_keyword],2026-01-15,2026-04-09T00:00:00
sla_p1_2026_26_cba78e26cf2407ee,sla_p1_2026,Thông báo stakeholder P1: update mỗi 30 phút cho đến khi resolve.,2026-01-15,2026-04-08T00:00:00
sla_p1_2026_27_1e820bbfb4bd9e7a,sla_p1_2026,Kênh thông báo sự cố P1: Slack #incident-p1 và email incident@company.internal. PagerDuty tự động nhắn on-call.,2026-01-15,2026-04-10T00:00:00
sla_p1_2026_28_e4212f45a69b9e2d,sla_p1_2026,Ticket P2: phản hồi ban đầu 2 giờ và resolution 1 ngày làm việc. Escalation sau 90 phút không phản hồi.,2026-01-15,2026-04-08T00:00:00
it_helpdesk_faq_29_e2c2fcb5d68e080c,it_helpdesk_faq,VPN: mỗi tài khoản được kết nối tối đa 2 thiết bị cùng lúc. Phần mềm sử dụng: Cisco AnyConnect.,2026-01-20,2026-04-09T00:00:00
it_helpdesk_faq_30_0d7aa1fd6f44e447,it_helpdesk_faq,Mật khẩu phải được thay đổi mỗi 90 ngày. Hệ thống nhắc nhở 7 ngày trước khi hết hạn.,2026-01-20,2026-04-08T00:00:00
it_helpdesk_faq_31_72701d573c20dcd0,it_helpdesk_faq,Quên mật khẩu: truy cập SSO portal hoặc liên hệ Helpdesk ext. 9000. Mật khẩu mới gửi qua email trong vòng 5 phút.,2026-01-20,2026-04-10T00:00:00
it_helpdesk_faq_32_29f040cad10f2ec2,it_helpdesk_faq,Dung lượng hộp thư tiêu chuẩn là 50GB. Nếu đầy có thể xóa email cũ hoặc yêu cầu tăng dung lượng qua ticket IT-ACCESS.,2026-01-20,2026-04-09T00:00:00
it_helpdesk_faq_33_6fb8ec56f486e59b,it_helpdesk_faq,Laptop mới được cấp trong ngày onboarding đầu tiên. Liên hệ HR hoặc IT Admin nếu có vấn đề.,2026-01-20,2026-04-08T00:00:00
hr_leave_policy_34_8d3b68f1c02c2c00,hr_leave_policy,Nhân viên từ 3 đến 5 năm kinh nghiệm được 15 ngày phép năm theo chính sách 2026.,2026-01-01,2026-04-09T00:00:00
hr_leave_policy_35_48563598f565f481,hr_leave_policy,Nhân viên trên 5 năm kinh nghiệm được 18 ngày phép năm theo chính sách 2026.,2026-01-01,2026-04-10T00:00:00
hr_leave_policy_36_7d480cbca0808431,hr_leave_policy,Nghỉ ốm: 10 ngày/năm có trả lương. Cần giấy tờ y tế nếu nghỉ trên 3 ngày liên tiếp.,2026-01-01,2026-04-08T00:00:00
hr_leave_policy_37_d27c1f676000b4e5,hr_leave_policy,Tối đa 5 ngày phép năm chưa dùng được chuyển sang năm tiếp theo.,2026-01-01,2026-04-09T00:00:00
hr_leave_policy_38_d4e439c539eac335,hr_leave_policy,Remote work: sau probation tối đa 2 ngày/tuần. Ngày onsite bắt buộc: Thứ 3 và Thứ 5.,2026-01-01,2026-04-10T00:00:00
hr_leave_policy_39_b181f2c7811abe00,hr_leave_policy,Nhân viên dưới 3 năm kinh nghiệm được 12 ngày phép năm theo chính sách 2026.,2026-01-01,2026-04-11T00:00:00
